Local authority,Class,Trading_201617,Trading_201718,Trading_201819,Average,Population_2018,Trading_201617_popweight,Trading_201718_popweight,Trading_201819_popweight
Newham,London borough,-5043.5,-9099,-11803,-8648.5,352005,-14.32792148,-25.84906464,-33.53077371
Camden,London borough,-3872.55,-4542,-5012,-4475.52,262226,-14.76798639,-17.3209369,-19.11328396
Enfield,London borough,-4430.55,-4632,-4353,-4471.85,333869,-13.27032459,-13.87370496,-13.03804786
Southwark,London borough,-1908,-3265,-5573,-3582,317256,-6.014070656,-10.29137353,-17.56625564
Haringey,London borough,-1994.71,-2516.1,-2217.8,-2242.87,270624,-7.370780123,-9.297401561,-8.195134208
Islington,London borough,-1597,-1705,-1976,-1759.33,239142,-6.678040662,-7.129655184,-8.262873105
Greenwich,London borough,-1522,-1797,-2078,-1799,286186,-5.318219619,-6.279133151,-7.261012069
Bexley,London borough,-1214,-1605,-1416,-1411.67,247258,-4.909851248,-6.491195431,-5.72681167
Barking & Dagenham,London borough,-355,-1097,-392,-614.67,211998,-1.674544099,-5.174577119,-1.849074048
Hammersmith & Fulham,London borough,2062,-2091,-1374,-467.67,185426,11.12033911,-11.27673573,-7.409964083
Redbridge,London borough,0,-306,-1828,-711.33,303858,0,-1.007049345,-6.015967985
Havering,London borough,-2140,397,326,-472.33,257810,-8.300686552,1.53989372,1.26449711
Merton,London borough,0,0,-19,-6.33,206186,0,0,-0.092149806
Barnet,London borough,0,0,0,0,392140,0,0,0
Brent,London borough,0,0,0,0,330795,0,0,0
Bromley,London borough,0,0,0,0,331096,0,0,0
Ealing,London borough,0,0,0,0,341982,0,0,0
Hackney,London borough,0,0,0,0,279665,0,0,0
Harrow,London borough,0,0,0,0,250149,0,0,0
Hillingdon,London borough,0,0,0,0,304824,0,0,0
Kingston upon Thames,London borough,0,0,0,0,175470,0,0,0
Lambeth,London borough,0,0,0,0,325917,0,0,0
Lewisham,London borough,0,0,0,0,303536,0,0,0
Richmond upon Thames,London borough,0,0,0,0,196904,0,0,0
Sutton,London borough,0,0,0,0,204525,0,0,0
Tower Hamlets,London borough,0,0,0,0,317705,0,0,0
Waltham Forest,London borough,0,0,0,0,276700,0,0,0
Westminster,London borough,0,0,0,0,255324,0,0,0
Croydon,London borough,71.89,145.83,-87.97,43.25,385346,0.186559611,0.378439117,-0.228288343
Wandsworth,London borough,145,0,0,48.33,326474,0.444139503,0,0
Kensington & Chelsea,London borough,98,162,-130,43.33,156197,0.627412818,1.037151802,-0.83228231
Hounslow,London borough,325,0,0,108.33,270782,1.200227489,0,0
Newcastle upon Tyne,Metropolitan district,-13670,-15308,-13706,-14228,300196,-45.53691588,-50.99335101,-45.65683753
Manchester,Metropolitan district,-21322,-21871,-21811,-21668,547627,-38.93526068,-39.93776786,-39.82820423
Bury,Metropolitan district,-4902,-6695,-8260,-6619,190108,-25.78534307,-35.21682412,-43.44898689
Coventry,Metropolitan district,-10789,-9828,-9534,-10050.33,366785,-29.41505241,-26.79498889,-25.99342939
Kirklees,Metropolitan district,-12046,-1453,-10274,-7924.33,438727,-27.45670998,-3.311854525,-23.41775181
Stockport,Metropolitan district,-5659,-2110,-7499,-5089.33,291775,-19.39508183,-7.231599692,-25.70131094
Salford,Metropolitan district,-13149,1487,1883,-3259.67,254408,-51.68469545,5.844941983,7.401496808
Gateshead,Metropolitan district,-63,-2877,-1434,-1458,202508,-0.311098821,-14.20684615,-7.08120173
Bradford,Metropolitan district,-2684,-8408,207,-3628.33,537173,-4.99652812,-15.65231313,0.385350716
Wolverhampton,Metropolitan district,1571,-4275,-2592,-1765.33,262008,5.996000122,-16.31629569,-9.8928277
Doncaster,Metropolitan district,-1060,-2847,-2240,-2049,310542,-3.413386917,-9.167842031,-7.213194995
Rochdale,Metropolitan district,-536,-650,-2239,-1141.67,220001,-2.436352562,-2.954532025,-10.17722647
Tameside,Metropolitan district,-1408,-349,-717,-824.67,225197,-6.252303539,-1.549754215,-3.183879004
Calderdale,Metropolitan district,-581,-956,-470,-669,210082,-2.765586771,-4.55060405,-2.237221656
Sandwell,Metropolitan district,0,-71,-3048,-1039.67,327378,0,-0.216874683,-9.310338508
Knowsley,Metropolitan district,-483,-447,-418,-449.33,149571,-3.229235614,-2.988547245,-2.794659393
Sheffield,Metropolitan district,234.66,190,-2274,-616.45,582506,0.402845636,0.326176898,-3.90382245
Wigan,Metropolitan district,-205,-309,-478,-330.67,326088,-0.628664655,-0.947596968,-1.465861976
Wirral,Metropolitan district,0,-958,0,-319.33,323235,0,-2.963787956,0
Dudley,Metropolitan district,-24,-226,-490,-246.67,320626,-0.074853568,-0.704871096,-1.528260341
Solihull,Metropolitan district,-371,12,-91,-150,214909,-1.726312067,0.055837587,-0.423435035
Liverpool,Metropolitan district,-266,-306,-348,-306.67,494814,-0.537575736,-0.618414192,-0.703294571
Birmingham,Metropolitan district,52,180,-423,-63.67,1141374,0.045559124,0.157704661,-0.370605954
Walsall,Metropolitan district,0,-2,1,-0.33,283378,0,-0.007057711,0.003528855
North Tyneside,Metropolitan district,0,0,0,0,205985,0,0,0
Trafford,Metropolitan district,0,0,0,0,236370,0,0,0
Wakefield,Metropolitan district,0,0,0,0,345038,0,0,0
Sefton,Metropolitan district,-22,-51,92,6.33,275396,-0.079884966,-0.185187875,0.334064402
South Tyneside,Metropolitan district,-1,55,43,32.33,150265,-0.00665491,0.366020031,0.286161115
Sunderland,Metropolitan district,0,0,409,136.33,277417,0,0,1.47431484
St Helens,Metropolitan district,166,98,124,129.33,180049,0.921971241,0.544296275,0.688701409
Bolton,Metropolitan district,198,380,86,221.33,285372,0.69383121,1.331595251,0.301361031
Barnsley,Metropolitan district,443,463,-5,300.33,245199,1.806695786,1.888262187,-0.0203916
Rotherham,Metropolitan district,-134,121,2357,781.33,264671,-0.50628894,0.457171356,8.905395755
Leeds,Metropolitan district,13882,-5576,-653,2551,789194,17.59009825,-7.065436382,-0.827426463
Oldham,Metropolitan district,34912,3536,2649,13699,235623,148.1688969,15.00702393,11.24253575
Derbyshire,County council,-861,-730,-488,-1753.67,796142,-1.081465367,-0.916921856,-0.61295598
Surrey,County council,-1190,-969,-1088.15,-2521.72,1189934,-1.000055465,-0.814330879,-0.914462483
Leicestershire,County council,-776,-600,0,-1376,698268,-1.111321155,-0.859268934,0
Northamptonshire,County council,0,-1312,0,-1312,747622,0,-1.754897528,0
Nottinghamshire,County council,-459,-549,-245,-1089.67,823126,-0.557630302,-0.666969577,-0.297645804
North Yorkshire,County council,-510,0,0,-510,614505,-0.82993629,0,0
Lincolnshire,County council,1719,-1614,-1714,-466.33,755833,2.274311918,-2.135392342,-2.2676967
Suffolk,County council,-172,0,0,-172,758556,-0.226746608,0,0
Kent,County council,-3,-142,-442.73,-292.58,1568623,-0.001912505,-0.090525257,-0.282241176
Buckinghamshire,County council,0,0,0,0,540059,0,0,0
Cambridgeshire,County council,0,0,0,0,651482,0,0,0
Devon,County council,0,0,0,0,795286,0,0,0
Dorset*,County council,0,0,0,0,422900,0,0,0
East Sussex,County council,0,0,0,0,554590,0,0,0
Essex,County council,0,0,0,0,1477764,0,0,0
Gloucestershire,County council,0,0,0,0,633558,0,0,0
Hertfordshire,County council,0,0,0,0,1184365,0,0,0
Lancashire,County council,0,0,0,0,1210053,0,0,0
Norfolk,County council,0,0,0,0,903680,0,0,0
Oxfordshire,County council,0,0,0,0,687524,0,0,0
Somerset,County council,0,0,0,0,559399,0,0,0
Staffordshire,County council,0,0,0,0,875219,0,0,0
Warwickshire,County council,0,0,0,0,571010,0,0,0
West Sussex,County council,0,0,0,0,858852,0,0,0
Hampshire,County council,41,18,1,59.33,1376316,0.02978967,0.013078392,0.000726577
Worcestershire,County council,261,693,274,1045.33,592057,0.440835933,1.170495408,0.462793278
Cumbria,County council,1622,-66,-560,1369.33,498888,3.251230737,-0.132294222,-1.122496432
Spelthorne,District council,0,0,-39001,-39001,99334,0,0,-392.6248817
Corby,District council,-2384,-5989,-5779.26,-14152.26,70827,-33.65948014,-84.55814873,-81.59684866
Runnymede,District council,0,0,-17056,-17056,88000,0,0,-193.8181818
Basingstoke & Deane,District council,-10829,-11173,-11730,-33732,175729,-61.62329496,-63.58085461,-66.75050788
Cambridge,District council,-7355,-8227,-8456,-24038,125758,-58.48534487,-65.41929738,-67.24025509
Watford,District council,-4833,-5788,-7823,-18444,96767,-49.94471256,-59.81377949,-80.84367605
Test Valley,District council,-6594,-7185,-8609,-22388,125169,-52.68077559,-57.40239197,-68.77901078
Woking,District council,-5395,-5466,-3332,-14193,101167,-53.32766614,-54.02947601,-32.93564107
Broxbourne,District council,-3276,-3475,-5225,-11976,96876,-33.81642512,-35.87059746,-53.93492712
Crawley,District council,-4555,-4640,-4535,-13730,112448,-40.50761241,-41.26351736,-40.32975242
Canterbury,District council,-4100,-6255,-9154,-19509,164553,-24.91598452,-38.01206906,-55.62949323
Dacorum,District council,-4541,-5355,-8293,-18189,154280,-29.43349754,-34.70961887,-53.75291677
Guildford,District council,-7139,-5945,-3493,-16577,147889,-48.272691,-40.19906822,-23.61906565
Eastleigh,District council,-3264,-5238,-5565,-14067,131819,-24.76122562,-39.73630509,-42.21697934
Carlisle,District council,-3013,-3666,-3677,-10356,108387,-27.79853672,-33.82324449,-33.92473267
West Oxfordshire,District council,-2998,-3499,-3379,-9876,109800,-27.30418944,-31.86703097,-30.77413479
Epping Forest,District council,-2456,-2945,-5832,-11233,131137,-18.7285053,-22.45743002,-44.47257448
Gravesham,District council,-1431.8,-6637,-808,-8876.8,106385,-13.45866429,-62.38661465,-7.595055694
Fareham,District council,-1498,-2765,-4851.96,-9114.96,116339,-12.87616363,-23.76675062,-41.70536106
Epsom & Ewell,District council,-1313,-2581,-2359,-6253,79928,-16.42728456,-32.29156241,-29.51406266
Breckland,District council,-1978,-3728,-4247,-9953,139329,-14.19661377,-26.75681301,-30.48180924
Tamworth,District council,-2054,-1582,-1470,-5106,76678,-26.78734448,-20.6317327,-19.17107906
Daventry,District council,298,-2694,-3096,-5492,84484,3.527295109,-31.88769471,-36.64599214
Wellingborough,District council,-1253,-2017,-1787,-5057,79478,-15.76536903,-25.37809205,-22.48420947
Chelmsford,District council,-3821,-3831,-3277.02,-10929.02,177079,-21.57793979,-21.63441176,-18.50597756
Christchurch*,District council,-1093,-858,-983,-2934,50030,-21.84689186,-17.14971017,-19.64821107
Great Yarmouth,District council,-1177,-2974,-1584,-5735,99370,-11.84462111,-29.92854986,-15.94042468
Eastbourne,District council,-980,-801,-4001,-5782,103160,-9.499806126,-7.764637456,-38.78441256
Wycombe,District council,-4681,-4879,0,-9560,174641,-26.80355701,-27.9373114,0
Nuneaton & Bedworth,District council,-169,-3437,-3234,-6840,128902,-1.311073529,-26.66366697,-25.08882717
Allerdale,District council,-1487,-1687,-1865,-5039,97527,-15.24705979,-17.29777395,-19.12290955
Braintree,District council,-2126,-2406,-3284,-7816,151561,-14.02735532,-15.87479629,-21.66784331
Forest Heath***,District council,-562,-1761,-1029,-3352,65500,-8.580152672,-26.88549618,-15.70992366
Kettering,District council,-794,-1336,-2894,-5024,101266,-7.840736279,-13.19297691,-28.57819999
Vale of White Horse,District council,-511,-6270,457,-6324,133732,-3.821074986,-46.8848144,3.417282326
Cherwell,District council,-1513,-1721,-3523,-6757,149161,-10.1434021,-11.53786848,-23.61877434
Tewkesbury,District council,-410,-1392,-2193,-3995,92599,-4.427693604,-15.03255975,-23.68276115
Mid Sussex,District council,-1570,-2047,-2809,-6426,149716,-10.48652115,-13.67255337,-18.76218975
Huntingdonshire,District council,-2106,-2556,-1983,-6645,177352,-11.87468988,-14.41201678,-11.18115386
Preston,District council,-1310,-1749,-2071,-5130,141818,-9.23719133,-12.33270812,-14.60322385
Gloucester,District council,-1511,-2244,-615,-4370,129285,-11.68735739,-17.35700197,-4.756932359
Basildon,District council,-1139,-3714,-1212,-6065,185862,-6.128202645,-19.98256771,-6.520967169
Norwich,District council,-368,-1851,-2200,-4419,141137,-2.607395651,-13.11491671,-15.58769139
West Lancashire,District council,-1223,-1441,-487,-3151,113949,-10.73287172,-12.6460083,-4.273841806
Lincoln,District council,-1380,-671,-659,-2710,99039,-13.93390483,-6.775108796,-6.653944406
South Oxfordshire,District council,-1146,-1380,-893,-3419,140504,-8.156351421,-9.821784433,-6.355690941
Rushmoor,District council,-1341,-887,72,-2156,95142,-14.09472157,-9.322906813,0.756763574
Rushcliffe,District council,-807,-667,-1140,-2614,117671,-6.858104376,-5.668346491,-9.688028486
Stratford-on-Avon,District council,-607,-1725,-450,-2782,127580,-4.757799028,-13.52092805,-3.52719862
Cheltenham,District council,-2300,0,0,-2300,117090,-19.64300965,0,0
East Staffordshire,District council,247,-1553,-718,-2024,118574,2.083087355,-13.09730632,-6.055290367
North Hertfordshire,District council,-1129,-958,0,-2087,133214,-8.475085201,-7.191436336,0
St Edmundsbury***,District council,-598,-420,-611,-1629,111008,-5.386999135,-3.783511098,-5.504107812
Dartford,District council,-432,-646,-464,-1542,109709,-3.937689706,-5.888304515,-4.229370425
South Ribble,District council,-472,-531,-543,-1546,110527,-4.270449754,-4.804255974,-4.91282673
Cotswold,District council,-260,-528,-446,-1234,89022,-2.920626362,-5.931118151,-5.009997529
Surrey Heath,District council,-282,-372,-569,-1223,88874,-3.173031483,-4.185701105,-6.402322389
Maidstone,District council,-558,-597,-1140,-2295,169955,-3.283222029,-3.512694537,-6.707657909
Chesterfield,District council,1756,1132,-4253,-1365,104628,16.78327025,10.81928356,-40.64877471
King's Lynn & West Norfolk,District council,-1733,-243,0,-1976,151811,-11.41551008,-1.600674523,0
Lancaster,District council,-504,-632,-583,-1719,144246,-3.49403103,-4.38140399,-4.041706529
Waveney****,District council,-422,-263,-524,-1209,118311,-3.566870367,-2.222954755,-4.429004911
North Warwickshire,District council,-188,-209,-242,-639,64850,-2.898997687,-3.222821897,-3.731688512
Oxford,District council,-875.04,-997.53,403,-1469.57,154327,-5.670038295,-6.463742573,2.611338262
North East Derbyshire,District council,-451,-638,138,-951,101125,-4.459826947,-6.309023486,1.364647713
Colchester,District council,-328,-432,-881,-1641,192523,-1.703692546,-2.243887743,-4.576076625
Waverley,District council,-465,-461,-108,-1034,125610,-3.701934559,-3.670089961,-0.859804156
East Devon,District council,-3.02,-596.73,-522,-1121.75,144317,-0.020926156,-4.134855907,-3.617037494
Newark & Sherwood,District council,168,-313,-787,-932,121566,1.381965352,-2.574733067,-6.473849596
Tonbridge & Malling,District council,-327,-315,-305,-947,130508,-2.505593527,-2.413645141,-2.337021485
South Norfolk,District council,-216,-362,-384.87,-962.87,138017,-1.565024598,-2.622865299,-2.788569524
South Kesteven,District council,-403,-274,-258,-935,141853,-2.840969172,-1.931577055,-1.818784234
South Bucks,District council,0,-262,-169,-431,70043,0,-3.740559371,-2.412803564
Maldon,District council,-120,-139,-100,-359,64425,-1.862630966,-2.157547536,-1.552192472
Purbeck**,District council,-95,-77,-89,-261,47140,-2.015273653,-1.633432329,-1.887993212
East Cambridgeshire,District council,-138,-84,-248,-470,89362,-1.544280567,-0.939996867,-2.775228844
Eden,District council,-96,-81,-93,-270,52881,-1.815396834,-1.531741079,-1.758665683
North Dorset**,District council,-91,-92.82,-113.63,-297.45,61905,-1.469994346,-1.499394233,-1.835554479
Sevenoaks,District council,-189,-181,-188,-558,120293,-1.571163742,-1.504659456,-1.562850706
New Forest,District council,-255,-266,-296,-817,179753,-1.418613319,-1.479808404,-1.646704088
North West Leicestershire,District council,-373,567,-658,-464,102126,-3.652351017,5.551965219,-6.443021366
Derbyshire Dales,District council,-106,-120,-97,-323,71977,-1.472692666,-1.667199244,-1.347652722
Bolsover,District council,-306,-168,119,-355,79530,-3.847604677,-2.112410411,1.496290708
Blaby,District council,-180,-137,-129,-446,100421,-1.79245377,-1.36425648,-1.284591868
Chiltern,District council,-289,-96,11,-374,95927,-3.01270758,-1.000760995,0.114670531
Forest of Dean,District council,-77,-17,-235,-329,86543,-0.889731116,-0.196434143,-2.715413147
Aylesbury Vale,District council,-4,-164,-520,-688,199448,-0.020055353,-0.822269464,-2.607195861
Broxtowe,District council,-116,-108,-148,-372,113272,-1.024083622,-0.953457165,-1.306589448
Hyndburn,District council,-131,-71,-57,-259,80815,-1.620986203,-0.878549774,-0.705314607
Lichfield,District council,-188,-19,-109,-316,103965,-1.80830087,-0.182753811,-1.04842976
Melton,District council,-72,-25,-49,-146,51100,-1.409001957,-0.489236791,-0.95890411
Hambleton,District council,-126,-265,147,-244,91134,-1.382579498,-2.907806088,1.613009415
Weymouth & Portland**,District council,-14,-97,-54.28,-165.28,65870,-0.212539851,-1.472597541,-0.824047366
Ribble Valley,District council,-46,-54,-50,-150,60057,-0.765939025,-0.899145811,-0.832542418
Scarborough,District council,-117,-114,-8,-239,108736,-1.076000589,-1.04841083,-0.07357269
Wyre Forest,District council,-122,-205,113,-214,101062,-1.207179751,-2.028457778,1.118125507
Lewes,District council,-180,1175,-1165,-170,102744,-1.75192712,11.43619092,-11.33886164
Charnwood,District council,-47,-176,-17,-240,182643,-0.257332611,-0.963628499,-0.093077753
Wealden,District council,-51,-53,-41,-145,160175,-0.318401748,-0.330888091,-0.255970033
Worcester,District council,-67,0,0,-67,101891,-0.657565438,0,0
Harlow,District council,-12,-34,-5,-51,86594,-0.138577731,-0.392636903,-0.057740721
Welwyn Hatfield,District council,-20.18,0,0,-20.18,122746,-0.164404543,0,0
Adur,District council,0,0,0,0,63869,0,0,0
Arun,District council,0,0,0,0,159827,0,0,0
Ashford,District council,0,0,0,0,129281,0,0,0
Babergh,District council,0,0,0,0,91401,0,0,0
Barrow-in-Furness,District council,0,0,0,0,67137,0,0,0
Brentwood,District council,0,0,0,0,76550,0,0,0
Castle Point,District council,0,0,0,0,90070,0,0,0
Chichester,District council,0,0,0,0,120750,0,0,0
Chorley,District council,0,0,0,0,116821,0,0,0
Copeland,District council,0,0,0,0,68424,0,0,0
Craven,District council,0,0,0,0,56832,0,0,0
Dover,District council,0,0,0,0,116969,0,0,0
East Dorset**,District council,0,0,0,0,89400,0,0,0
East Hampshire,District council,0,0,0,0,120681,0,0,0
East Lindsey,District council,0,0,0,0,140741,0,0,0
East Northamptonshire,District council,0,0,0,0,93906,0,0,0
Elmbridge,District council,0,0,0,0,136626,0,0,0
Erewash,District council,0,0,0,0,115490,0,0,0
Exeter,District council,0,0,0,0,130428,0,0,0
Fylde,District council,0,0,0,0,79770,0,0,0
Gedling,District council,0,0,0,0,117786,0,0,0
Gosport,District council,0,0,0,0,85283,0,0,0
Harrogate,District council,0,0,0,0,160533,0,0,0
Hart,District council,0,0,0,0,96293,0,0,0
Hastings,District council,0,0,0,0,92855,0,0,0
Havant,District council,0,0,0,0,125813,0,0,0
Hertsmere,District council,0,0,0,0,104205,0,0,0
High Peak,District council,0,0,0,0,92221,0,0,0
Horsham,District council,0,0,0,0,142217,0,0,0
Malvern Hills,District council,0,0,0,0,78113,0,0,0
Mansfield,District council,0,0,0,0,108841,0,0,0
Mid Devon,District council,0,0,0,0,81695,0,0,0
Mid Suffolk,District council,0,0,0,0,102493,0,0,0
Mole Valley,District council,0,0,0,0,87253,0,0,0
Newcastle-under-Lyme,District council,0,0,0,0,129490,0,0,0
Oadby & Wigston,District council,0,0,0,0,57056,0,0,0
Reigate & Banstead,District council,0,0,0,0,147757,0,0,0
Rochford,District council,0,0,0,0,86981,0,0,0
Ryedale,District council,0,0,0,0,54920,0,0,0
Selby,District council,0,0,0,0,89106,0,0,0
Shepway*****,District council,0,0,0,0,112578,0,0,0
South Cambridgeshire,District council,0,0,0,0,157519,0,0,0
South Hams,District council,0,0,0,0,86221,0,0,0
South Holland,District council,0,0,0,0,93980,0,0,0
South Staffordshire,District council,0,0,0,0,112126,0,0,0
Staffordshire Moorlands,District council,0,0,0,0,98397,0,0,0
Stevenage,District council,0,0,0,0,87754,0,0,0
Stroud,District council,0,0,0,0,119019,0,0,0
Suffolk Coastal****,District council,0,0,0,0,124298,0,0,0
Taunton Deane******,District council,0,0,0,0,102600,0,0,0
Tendring,District council,0,0,0,0,145803,0,0,0
Three Rivers,District council,0,0,0,0,93045,0,0,0
Torridge,District council,0,0,0,0,68143,0,0,0
Tunbridge Wells,District council,0,0,0,0,118054,0,0,0
Uttlesford,District council,0,0,0,0,89179,0,0,0
Warwick,District council,0,0,0,0,142484,0,0,0
West Devon,District council,0,0,0,0,55528,0,0,0
West Lindsey,District council,0,0,0,0,94869,0,0,0
West Somerset******,District council,0,0,0,0,34900,0,0,0
Worthing,District council,0,0,0,0,110025,0,0,0
Wychavon,District council,0,0,0,0,127340,0,0,0
Wyre,District council,0,0,0,0,111223,0,0,0
North Devon,District council,17,-35,30,12,96110,0.176880658,-0.36416606,0.312142337
West Dorset**,District council,-553,210.46,356.87,14.33,101382,-5.45461719,2.075910911,3.520052869
Broadland,District council,16,10,12,38,129464,0.12358648,0.07724155,0.09268986
Bromsgrove,District council,55,-12,-8,35,98662,0.557458799,-0.121627374,-0.081084916
South Northamptonshire,District council,0,6,42,48,92515,0,0.064854348,0.453980436
Boston,District council,50,0,0,50,69366,0.720814232,0,0
Richmondshire,District council,34,10,13,57,53244,0.638569604,0.187814589,0.244158966
Mendip,District council,135,0,0,135,114881,1.175129047,0,0
South Somerset,District council,96,223,-84,235,167861,0.571901752,1.328480112,-0.500414033
Rother,District council,-291,-314,773,168,95656,-3.042151041,-3.282595969,8.081040395
Sedgemoor,District council,69,56,93,218,122791,0.561930435,0.456059483,0.757384499
Amber Valley,District council,145,-19,109,235,126678,1.144634427,-0.14998658,0.860449328
Redditch,District council,29,56,73,158,84989,0.341220629,0.6589088,0.858934686
Teignbridge,District council,-214,112,350,248,132844,-1.610912047,0.843094156,2.634669236
Cannock Chase,District council,11,96,97,204,100109,0.109880231,0.958954739,0.968943851
Rugby,District council,132,82,98,312,107194,1.231412206,0.764968189,0.914230274
North Kesteven,District council,338,0,0,338,115985,2.914169936,0,0
Stafford,District council,127,95,194,416,135880,0.934648219,0.699146306,1.42773035
Hinckley & Bosworth,District council,-302,1089,-360,427,112423,-2.686283056,9.68662996,-3.202191722
East Hertfordshire,District council,418,78,97,593,148105,2.822322001,0.526653388,0.654940751
Harborough,District council,115,190,85,390,92499,1.243256684,2.05407626,0.918928853
North Norfolk,District council,102,449,-35,516,104552,0.975591093,4.294513735,-0.33476165
Tandridge,District council,127,287,66,480,87496,1.451494925,3.28014995,0.754320197
South Derbyshire,District council,-275,1447,-546,626,104493,-2.631755237,13.84781756,-5.225230398
Swale,District council,-255,-311,1550,984,148519,-1.71695204,-2.094008174,10.43637514
St Albans,District council,259.69,451,325.34,1036.03,147373,1.762127391,3.060262056,2.207595693
Ashfield,District council,-120,2567,-1531,916,127151,-0.943759782,20.18859466,-12.04080188
Pendle,District council,635,243,-189,689,91405,6.94710355,2.658497894,-2.067720584
South Lakeland,District council,150,248,402,800,104532,1.434967283,2.372479241,3.845712318
Winchester,District council,535,517,406,1458,124295,4.304276117,4.159459351,3.266422624
Northampton,District council,-6288,9312,-126,2898,225146,-27.92854414,41.35982873,-0.559636858
Bassetlaw,District council,410,830,387,1627,116839,3.509102269,7.103792398,3.31225019
Burnley,District council,216,322,779,1317,88527,2.43993358,3.637308392,8.799575271
Ipswich,District council,93,982,1833,2908,137532,0.676206265,7.140156473,13.32780735
Thanet,District council,1057,483,1839,3379,141819,7.453162129,3.405749582,12.96723288
Rossendale,District council,120,1148.5,673.5,1942,70895,1.692644051,16.20001411,9.499964737
Fenland,District council,1963,539,464,2966,101491,19.3416165,5.310815737,4.571833956
Bath & North East Somerset UA,Unitary authority,-15308.07,-18696.28,-17678,-51682.34,192106,-79.68553819,-97.32272808,-92.02211279
Portsmouth UA,Unitary authority,-8839,-13065,-15125,-37029,215133,-41.08621179,-60.72987408,-70.305346
Luton UA,Unitary authority,-5806,-11809,-6568,-24183,214109,-27.11702918,-55.15415046,-30.67596411
Telford and the Wrekin UA,Unitary authority,-4804,-6140,-6326,-17270,177799,-27.01927457,-34.53337758,-35.5795027
Cheshire West and Chester UA,Unitary authority,-7331,-5592,-13660,-26583,340502,-21.52997633,-16.42281103,-40.11723867
Southampton UA,Unitary authority,-5687,-7019,-6633,-19339,252796,-22.49640026,-27.76547097,-26.23854808
Brighton & Hove UA,Unitary authority,-5044,-8096,-5368,-18508,290395,-17.36944507,-27.87926789,-18.48516676
Windsor & Maidenhead UA,Unitary authority,-2929,-3189,-3222,-9340,150906,-19.40943369,-21.13236054,-21.35103972
North Lincolnshire UA,Unitary authority,-3502.9,-2938.99,-4107.96,-10549.85,172005,-20.36510567,-17.08665446,-23.8827941
Southend-on-Sea UA,Unitary authority,-3695,-5305,-806,-9806,182463,-20.25068096,-29.07438768,-4.417333925
Herefordshire UA,Unitary authority,-1838,-3313,-3322,-8473,192107,-9.567584731,-17.24559751,-17.2924464
York UA,Unitary authority,-2840,-2971,-3224,-9035,209893,-13.53070374,-14.15483127,-15.36020734
Middlesbrough UA***,Unitary authority,-1828,-2382,-1598,-5808,140545,-13.00651037,-16.94830837,-11.37002384
Warrington UA,Unitary authority,-2312,-2417,-3142,-7871,209547,-11.03332427,-11.53440517,-14.9942495
City of Nottingham UA****,Unitary authority,19630,-18471,-12943,-11784,331069,59.29277583,-55.79199502,-39.09456941
Swindon UA,Unitary authority,0,-1008,-6559,-7567,221996,0,-4.540622354,-29.5455774
Kingston upon Hull UA,Unitary authority,-492,-4165,-3584,-8241,260645,-1.88762493,-15.9795891,-13.75050356
Leicester City UA,Unitary authority,-3232,-3733,-3919,-10884,355218,-9.098638019,-10.50903952,-11.03266163
Plymouth UA*****,Unitary authority,-1380,-2515,-2663.04,-6558.04,263100,-5.245153934,-9.559103003,-10.12177879
West Berkshire UA,Unitary authority,81,233,-3745,-3431,158527,0.51095397,1.469781173,-23.62373602
Milton Keynes UA,Unitary authority,-1785,-1747,-1715,-5247,268607,-6.645396434,-6.50392581,-6.384792652
Peterborough UA,Unitary authority,-798,-1457,-360,-2615,201041,-3.969339587,-7.247277918,-1.790679513
Redcar & Cleveland UA,Unitary authority,-1197,-120,-322,-1639,136718,-8.755248029,-0.877719101,-2.35521292
Bournemouth UA,Unitary authority,-1076,-1892,-1668,-4636,395784,-2.71865462,-4.780385261,-4.214419987
Reading UA,Unitary authority,-1762,0,0,-1762,163203,-10.79637016,0,0
Slough UA,Unitary authority,-711.16,-382,-510,-1603.16,149112,-4.769300928,-2.561832716,-3.420247867
South Gloucestershire UA,Unitary authority,-554,-455,-1199,-2208,282644,-1.960062835,-1.609798899,-4.24208545
Hartlepool UA,Unitary authority,-187,-397,-127,-711,93242,-2.005533987,-4.257737929,-1.362047146
Durham UA**,Unitary authority,-456,-1997,-705,-3158,526980,-0.865307981,-3.789517629,-1.337811682
The Medway Towns UA*******,Unitary authority,-484,-436,-414,-1334,277855,-1.741915747,-1.569163772,-1.489985784
Darlington UA,Unitary authority,-110,-162,-179,-451,106566,-1.032224162,-1.520184674,-1.679710227
Thurrock UA,Unitary authority,-148,-126,-0.59,-274.59,172525,-0.857846689,-0.730328938,-0.003419794
Rutland UA,Unitary authority,-51,-47,46,-52,39697,-1.284731844,-1.183968562,1.158777741
Central Bedfordshire UA,Unitary authority,-267,0,0,-267,283606,-0.941446937,0,0
Bedford UA,Unitary authority,0,0,0,0,171623,0,0,0
Blackburn with Darwen UA,Unitary authority,0,0,0,0,148942,0,0,0
Bristol UA,Unitary authority,0,0,0,0,463405,0,0,0
Cornwall UA*,Unitary authority,0,0,0,0,565968,0,0,0
Derby City UA,Unitary authority,0,0,0,0,257174,0,0,0
Halton UA,Unitary authority,0,0,0,0,128432,0,0,0
Isle of Wight UA,Unitary authority,0,0,0,0,141538,0,0,0
North East Lincolnshire UA,Unitary authority,0,0,0,0,159821,0,0,0
North Somerset UA,Unitary authority,0,0,0,0,213919,0,0,0
Poole UA******,Unitary authority,0,0,0,0,151500,0,0,0
Stoke-on-Trent UA,Unitary authority,0,0,0,0,255833,0,0,0
Torbay UA,Unitary authority,0,0,0,0,135780,0,0,0
Wiltshire UA,Unitary authority,0,0,0,0,498064,0,0,0
Wokingham UA,Unitary authority,0,0,0,0,167979,0,0,0
East Riding of Yorkshire UA,Unitary authority,72,19,1,92,339614,0.212005394,0.055945868,0.002944519
Stockton-on-Tees UA,Unitary authority,-241,561,47,367,197213,-1.222028974,2.844640059,0.238321003
Shropshire UA,Unitary authority,502,274.93,-28.33,748.6,320274,1.567407907,0.858421227,-0.08845551
Blackpool UA,Unitary authority,0,0,482,482,139305,0,0,3.460033739
Northumberland UA,Unitary authority,857,2921,722,4500,320274,2.675833817,9.12031573,2.254319739
Cheshire East UA,Unitary authority,1836,2186,1517,5539,380790,4.821555188,5.740696972,3.983823105
Bracknell Forest UA,Unitary authority,7279,-328,645,7596,121676,59.82280811,-2.695683619,5.300963214
